WirelessNetwork.host0.app[1],0,0,
WirelessNetwork.host1.app[1],0,0,
WirelessNetwork.host0.app[1],0,0,
WirelessNetwork.host1.app[1],0,0,
WirelessNetwork.host0.app[1],0,0,
WirelessNetwork.host1.app[1],0,0,
WirelessNetwork.host0.app[1],0,0,
WirelessNetwork.host1.app[1],0,0,
WirelessNetwork.host0.app[1],1,0,
WirelessNetwork.host1.app[1],0,0,
WirelessNetwork.host0.app[1],1,0,
WirelessNetwork.host1.app[1],0,0,
WirelessNetwork.host0.app[1],1,0,
WirelessNetwork.host1.app[1],1,0,
WirelessNetwork.host0.app[1],0,0,
WirelessNetwork.host1.app[1],1,0,
WirelessNetwork.host0.app[1],0,0,
WirelessNetwork.host1.app[1],0,0,
WirelessNetwork.host0.app[1],0,0,
WirelessNetwork.host1.app[1],0,0,
WirelessNetwork.host0.app[1],0,0,
WirelessNetwork.host1.app[1],0,0,
WirelessNetwork.host0.app[1],0,0,
WirelessNetwork.host1.app[1],0,0,
WirelessNetwork.host0.app[1],1,0,
WirelessNetwork.host1.app[1],2,0,
WirelessNetwork.host0.app[1],1,0,
WirelessNetwork.host1.app[1],2,0,
WirelessNetwork.host0.app[1],3,0,
WirelessNetwork.host1.app[1],1,0,
WirelessNetwork.host0.app[1],1,0,
WirelessNetwork.host1.app[1],2,0,
WirelessNetwork.host0.app[1],1,0,
WirelessNetwork.host1.app[1],2,0,
WirelessNetwork.host0.app[1],1,0,
WirelessNetwork.host1.app[1],1,0,
WirelessNetwork.host0.app[1],1,0,
WirelessNetwork.host1.app[1],2,0,
WirelessNetwork.host0.app[1],2,0,
WirelessNetwork.host1.app[1],1,0,
WirelessNetwork.host0.app[1],2,0,
WirelessNetwork.host1.app[1],1,0,
WirelessNetwork.host0.app[1],0,0,
WirelessNetwork.host1.app[1],0,0,
WirelessNetwork.host0.app[1],0,0,
WirelessNetwork.host1.app[1],4,0,
WirelessNetwork.host0.app[1],1,0,
WirelessNetwork.host1.app[1],2,0,
WirelessNetwork.host0.app[1],0,0,
WirelessNetwork.host1.app[1],3,0,
WirelessNetwork.host0.app[1],0,0,
WirelessNetwork.host1.app[1],2,0,
WirelessNetwork.host2.app[1],2,0,
WirelessNetwork.host3.app[1],0,0,
WirelessNetwork.host0.app[1],1,0,
WirelessNetwork.host1.app[1],2,0,
WirelessNetwork.host2.app[1],2,0,
WirelessNetwork.host3.app[1],0,0,
WirelessNetwork.host0.app[1],0,0,
WirelessNetwork.host1.app[1],0,0,
WirelessNetwork.host2.app[1],3,0,
WirelessNetwork.host3.app[1],1,0,
WirelessNetwork.host0.app[1],0,0,
WirelessNetwork.host1.app[1],0,0,
WirelessNetwork.host0.app[1],1,0,
WirelessNetwork.host1.app[1],2,0,
WirelessNetwork.host0.app[1],2,0,
WirelessNetwork.host1.app[1],2,0,
WirelessNetwork.host0.app[1],2,0,
WirelessNetwork.host1.app[1],2,0,
WirelessNetwork.host0.app[1],2,0,
WirelessNetwork.host1.app[1],2,0,
WirelessNetwork.host0.app[1],0,0,
WirelessNetwork.host1.app[1],1,0,
WirelessNetwork.host2.app[1],0,0,
WirelessNetwork.host3.app[1],0,0,
WirelessNetwork.host4.app[1],0,0,
WirelessNetwork.host5.app[1],0,0,
WirelessNetwork.host6.app[1],1,0,
WirelessNetwork.host7.app[1],0,0,
WirelessNetwork.host8.app[1],0,0,
WirelessNetwork.host9.app[1],0,0,
WirelessNetwork.host0.app[1],0,0,
WirelessNetwork.host1.app[1],1,0,
WirelessNetwork.host2.app[1],0,0,
WirelessNetwork.host3.app[1],0,0,
WirelessNetwork.host4.app[1],0,0,
WirelessNetwork.host5.app[1],0,0,
WirelessNetwork.host6.app[1],0,0,
WirelessNetwork.host7.app[1],0,0,
WirelessNetwork.host8.app[1],0,0,
WirelessNetwork.host9.app[1],0,0,
WirelessNetworkTwoHosts.host0.app[1],2,0,
WirelessNetworkTwoHosts.host1.app[1],2,0,
WirelessNetworkTwoHosts.host0.app[1],2,0,
WirelessNetworkTwoHosts.host1.app[1],2,0,
WirelessNetworkTenHosts.host0.app[1],0,0,
WirelessNetworkTenHosts.host1.app[1],0,0,
WirelessNetworkTenHosts.host2.app[1],0,0,
WirelessNetworkTenHosts.host3.app[1],1,0,
WirelessNetworkTenHosts.host4.app[1],1,0,
WirelessNetworkTenHosts.host5.app[1],0,0,
WirelessNetworkTenHosts.host6.app[1],0,0,
WirelessNetworkTenHosts.host7.app[1],0,0,
WirelessNetworkTenHosts.host8.app[1],1,0,
WirelessNetworkTenHosts.host9.app[1],0,0,
WirelessNetworkTenHosts.host0.app[1],1,0,
WirelessNetworkTenHosts.host1.app[1],0,0,
WirelessNetworkTenHosts.host2.app[1],2,0,
WirelessNetworkTenHosts.host3.app[1],0,0,
WirelessNetworkTenHosts.host4.app[1],0,0,
WirelessNetworkTenHosts.host5.app[1],0,0,
WirelessNetworkTenHosts.host6.app[1],0,0,
WirelessNetworkTenHosts.host7.app[1],0,0,
WirelessNetworkTenHosts.host8.app[1],0,0,
WirelessNetworkTenHosts.host9.app[1],0,0,
